Age,Salary,Purchased
49.35201865361897,6755835187.843453,1
32.78617926580812,15072201903.395727,0
41.05973781475167,1712924768.1805966,0
40.30219651467273,211365076.51659486,1
48.27016082099574,17759245711.511288,1
40.052499712365076,-2872855531.761331,1
46.55158655518295,18093377567.362164,1
43.0379852875384,18996706124.91261,1
38.412647174217724,-2465128963.1885943,0
39.0221930066748,16109310531.388826,0
50.50394078053421,7380994853.130594,1
35.19788489031937,9026870253.034054,0
38.923854300686045,-642374845.9604132,0
47.94598956748865,11590449830.977032,1
37.50215421784142,1970279064.6969254,1
44.768620901292785,1591026269.0221338,1
36.16992416387271,3609717956.7116904,1
37.92533205760198,18463441115.818096,0
40.98732570113811,-7065852241.427591,0
41.860445209759924,24876691716.40343,0
39.68837270220497,783060516.7358139,0
31.923812419933398,17458559451.786858,0
31.800303043594955,17687166925.28784,0
39.59389970741129,4629085572.049272,1
37.0270768807803,17767542201.25038,0
37.87060125570132,6936899432.096387,0
45.230526628531294,21545280352.10411,1
31.7116643681965,16322319839.635332,0
45.27396712833192,2910630811.433721,1
42.73259378718029,-1155862212.4418252,1
33.10366666032692,10727249805.051464,0
36.19483351496698,17685166523.389862,1
46.96764574842389,5282003810.166768,1
32.54615235366511,9144965665.735386,0
35.51608244896833,14221556837.462029,0
36.24275115565866,1272327284.6924272,0
38.11761095873311,21769400102.166813,1
36.113453380699184,13498197947.984241,0
40.55644153325902,-6925273541.679632,0
51.556526139733,6722207725.596431,1
39.27987951640522,-3698233501.2609487,0
34.02386186160515,14885661127.402342,0
39.63675050907405,10419720771.638086,0
39.19878625980785,17352153266.894173,0
37.48956637566024,-1787281080.6259978,0
34.12760979140799,9299144660.939137,0
36.91999657250858,20042520687.76739,0
41.165024878471904,-6821413953.891318,0
44.49168160667708,8938776149.123505,1
32.48383317426882,16082287812.649948,0
40.33722426534385,21591383582.455605,0
40.72555894612368,-10326855820.472023,0
44.04342048279471,19698699675.112892,0
40.7638434706613,24009482121.59799,0
34.734677803771056,5023617987.717245,0
41.16313489637088,1905975815.9365578,1
41.331989058500696,21619249195.675686,0
37.366731157015096,12871070043.633924,0
35.32687136943443,13886445292.506351,0
40.681221847817824,17332780496.379772,0
39.32214119619559,-4036204739.5747066,0
34.83915791049908,12703401414.710804,0
39.24611811328855,23099419076.31918,1
40.16487813014259,22932868684.651695,1
38.67497159295997,-884045185.3793318,0
37.71888280778717,13338814021.403122,0
31.190523703394696,12293629437.670603,0
41.94097054242128,3739230399.217701,1
41.773861811933294,21388325563.69516,1
29.982234400311906,23448064871.810226,0
43.88697064906419,2036307646.3503675,1
36.122373917430494,6448935059.651818,0
35.49415200236437,18728808045.7197,0
44.9814884948674,2621872028.4086475,1
38.265893650690074,3432898652.5077343,0
46.14539331265004,3401290432.348939,1
37.43195413139084,14512341655.304708,0
35.556346444287776,14369791706.353537,0
44.54395547417462,3814713293.316325,1
46.17013384548653,18326604004.054714,1
41.92455705898195,19344301784.62534,1
38.36611483015058,15111105517.956093,1
38.10630983144747,17262568778.12834,0
37.01191457298664,2725343615.9009914,0
49.92689499320293,11960768646.902185,1
46.784229000533166,13585929434.623608,0
38.10684431453939,15405080222.98289,0
42.271199714228686,12094684600.163025,0
39.43849927246185,-4207767167.151597,1
47.975440454622316,9089921810.93336,0
52.44197789804188,3106772072.661214,1
37.24279112791803,21500963121.77822,0
38.02423685327747,20076307299.05818,0
40.67467455552585,6595890381.220938,1
39.400110090638066,11455950059.466934,1
40.83264170868516,10566835857.820461,1
40.139378743508544,-1429456584.3184376,0
38.284327927559815,883944571.3547276,1
47.771536794200735,3189420462.3070545,1
39.893247027288254,4063926398.042872,1
38.26324724471556,15327081381.745066,1
45.22649846520243,9052036979.405918,1
37.54947943864014,3180867741.5918455,0
36.69047615635065,1829248178.3308773,1
47.740428594068675,26284664355.67695,1
33.74426096223186,10462437056.009129,0
48.05942721600187,12043898094.113726,1
35.719588081362105,-4336282877.78908,1
43.9947162629122,-6944596337.26232,0
34.33989344313155,10414098991.358597,0
40.564584913434096,-4381217476.894704,1
43.38476666343764,19130894297.148148,0
35.734426382715405,9164191908.516092,0
39.19876742506942,16653526948.803936,0
40.59098593516258,16631833642.371546,1
35.03256332219166,16068296758.805117,0
43.839484354697156,25922705777.56747,1
40.70462259282856,22991612181.644333,1
35.59407783337603,17067091611.370365,0
47.46841396711568,1571198970.4720647,1
45.37852265081192,10404575234.947836,1
35.64305048620596,5400924407.144253,0
39.32028098528834,268299041.168236,0
41.875747215705395,7158804183.607506,1
34.8163760682298,12191782043.447678,0
32.72860296238986,11113449400.073433,0
41.0510239118702,24759740979.4739,1
30.479024806308765,19015947510.56589,0
35.03337972853959,7334767333.249026,0
40.83854643758272,9192544665.445614,1
36.585583326199,8677740987.482702,0
35.34929516760466,14526857376.46354,0
40.21076090316183,13550699767.999191,1
46.09730377204095,1126279806.8636854,1
39.51081273179066,20614411740.321415,0
46.94581170360928,30437375327.855762,1
41.316313913305116,-5723371704.866021,0
34.446626156129135,11013767507.525593,0
47.31183589513306,15335660046.836216,1
43.72369167554494,12619645000.22743,1
32.649510499428544,3790535964.265556,1
41.094239386911426,-7288111161.832389,0
35.04992561659591,7269013515.782871,0
44.569492746299574,6079216085.790526,1
34.537105538735574,7195121036.839828,1
37.240343685601246,1198925326.4389482,1
40.31002867281011,10238783356.353426,1
42.017389204265505,-4530229810.208777,0
39.78110370136337,885323902.4706302,1
47.37430222915673,16468512815.272133,1
34.075816138316945,15981503046.748266,0
38.284699157940004,17448097798.890854,0
38.2363188123718,22644365726.684395,0
41.14300668232525,680193518.827224,1
36.86596282328848,2381799992.303188,0
40.84452923496406,6178133535.583336,1
36.395920643417796,6680001784.590329,0
28.656768407451437,7422777566.972222,0
36.802846984193145,-1570948395.9167132,1
39.44851939591639,13613818627.202482,0
36.69186383694526,1786332368.0855277,1
48.95790317056431,17430349319.272488,1
40.71580353653978,-2695638442.8960695,0
38.04713694365852,22011019479.600525,0
47.543263245990154,23588191885.22226,1
38.09610440608363,-3488863293.469703,1
44.25759692009025,2298332468.5478015,1
39.75654265671118,4690778935.7409935,1
40.47489719421249,4049650070.9660053,1
33.99408822456405,10775542560.799454,0
44.03074427793592,3843995639.619458,1
31.338623415964953,15583964135.72097,0
39.603502062369024,21851667260.554916,1
39.60142500569428,-1879112399.062603,1
34.95128145074115,13847266490.540104,0
37.44200846838682,1606469697.4427717,1
46.77129918192347,11197615103.401215,1
37.29302337173565,17507129297.275654,0
38.858972192766906,22682075740.312878,0
36.42267356423337,13387808165.563875,1
30.674249307884484,3879775180.876266,1
48.358783058771316,12710705301.409515,1
35.54263241500321,24635291814.329742,1
37.59229915304454,-1067989383.0878485,0
40.13964889863531,17923717941.830055,0
42.285689640063374,2444076604.1599154,1
35.634588832087786,11593070329.51569,0
46.53276112266482,4103451815.0134745,1
36.630937915625914,13080979100.683716,1
44.46609680035808,18266996172.50897,1
41.18517289047589,16782601739.169724,0
33.528818972701295,15091040619.420633,0
39.30318995689575,17446311875.300217,0
33.499315273337025,11013806300.103739,0
48.70603693959474,19375059818.887497,1
37.75646952914174,906772676.6306456,1
38.95661285272996,2346778652.300732,0
39.582807931106366,24094429766.01101,0
41.36009813050862,-7069555533.591041,0
40.13423184563571,9947190994.937065,1
37.26448284252734,15562961712.894684,0
35.90110861026962,19959693617.69461,0
42.455771432084894,14344822375.245716,1
46.314362314812776,3919675486.2300034,1
37.804668621084154,17061971364.039669,0
48.377137308448134,5599385000.784477,1
38.209760806301496,15618545170.067135,1
42.550648609592116,5518774701.762078,1
42.35350963841529,-9137646624.545368,0
31.802248959606995,5543148766.645379,0
40.045346998934626,18285125919.616966,1
32.35008617702819,5624823158.883022,0
47.76976597770448,10482580397.269854,1
42.65250038443946,6283909634.964961,1
35.52810666760352,8960993108.376154,0
43.91786924417272,11414269908.345615,1
35.138831453043586,22097465039.84994,0
47.473014350758795,34286323227.214695,1
39.01869434018059,-4946152125.652117,1
40.42812522618541,17767143097.248585,1
35.17757222531997,14529909980.39275,0
32.11704220512017,6170596739.501994,1
37.56111534759588,14163766821.778004,0
45.109323279696156,7708231504.635708,1
32.16027374193216,14948365486.954578,0
38.50804845743258,-5597672284.586012,1
37.88142598532983,3596966451.8934317,1
37.59989708036814,6545276039.547425,1
47.19708875685795,5226144193.931211,1
46.336897174490105,8709459696.950548,1
37.71882837141476,319793470.9237321,0
40.98855706107414,9212787347.293669,1
36.70280994304818,14534363968.366589,0
41.185144357557036,25624377758.887924,0
35.78550312005942,4720317037.42076,1
31.84570159429494,15080603022.394356,0
42.66938824284996,13544809112.314438,1
30.065165762928995,22739737708.29821,0
36.28767251566457,8027078709.229568,0
41.312140837787744,-9862749618.820644,1
34.40332371460112,8554488863.98305,0
44.405027517182084,14899933521.24602,1
42.244935936970705,18156730764.35208,1
30.077934094491805,18536470902.896065,0
47.58642687901115,1393781401.0637026,1
41.2121619919204,377674357.0366525,1
34.72816568390923,-282288493.8792413,1
44.236748437756304,19335956427.057343,1
38.92297521186723,3079917966.2085123,1
34.8896989600574,6247891607.168282,0
38.82096062579577,22714053632.028355,1
35.55611518934868,3977870084.0029645,0
35.9862902835774,23752298817.022938,1
37.89762556507339,18169497084.604813,0
40.55582784856702,-5740288102.829448,0
33.57333143430201,7392537625.221131,0
47.83430906188323,5449695585.343627,1
38.85525060296358,20758638071.04514,0
38.22088085554216,4809896025.611196,0
36.456606057114556,428598914.9379922,0
36.94542415655459,4710760126.499939,1
50.10531905489368,21840088611.590084,0
32.882396201435135,16529558442.504774,0
43.68762803988195,32159631623.32719,1
39.28852414073939,20760665084.56671,0
39.16242363923237,24423052214.762928,0
39.85558652345649,17718794263.104954,0
42.86974472328626,5347775429.159185,1
31.255646112710632,1664951883.3611436,0
32.67098789279984,4595902719.291357,1
34.091908663642855,11220094822.121653,0
46.14066508436008,9526376151.997955,0
34.53120906858056,1249146701.5485046,1
38.89357963140366,24663813898.793056,1
31.65305850921518,16957744190.715702,0
39.45009355310109,1707332292.751444,1
40.323023846832285,15302625093.15933,1
33.11098283691256,11781653809.430588,0
32.73861391564352,13391619371.466307,0
33.82538022760079,12317405950.096004,0
37.26575838908296,-2413492.7386869094,1
35.58921534123368,5535106715.176034,1
42.83878366667036,1472922348.7957425,1
38.83788643077255,4599591156.925448,1
42.91979840050064,7046905672.635845,1
48.0623263035156,5391029021.865807,1
28.574814012498926,24475137081.03326,0
40.05782366970515,21202407129.2623,0
38.87913639411717,19658534361.914913,0
37.51235096546522,15383435366.90405,0
40.74281377367214,-9446522883.298067,0
36.17546626193449,4622819233.295396,0
37.90299926308468,3247067942.562113,0
44.98337089235514,13410487846.264593,1
33.91411361194859,10547506408.103256,0
36.70188152263895,17916452530.496758,0
38.14594045006399,3545495362.197124,0
39.803546525803895,7493171664.6121235,1
36.464433641631445,-210567802.575769,1
36.87473468613942,17901889788.42247,0
39.544176361768585,23151886225.77667,1
38.23457490034811,15205138573.721115,0
40.63356683301614,5043095582.062882,1
43.455099284716994,2714921483.711683,1
37.64911461705413,5761808574.848053,0
38.62715267108703,2045863909.8358967,0
44.75700153454635,10063606607.80466,0
49.98853631496403,18228290802.37225,1
33.82426047433472,10451254058.351913,0
28.454425357156175,5053660947.287719,1
31.2257351440314,19432444255.080376,1
46.284077790069915,17068078668.41529,1
39.90171678123688,5442379010.601518,1
45.10494277478232,7425918557.420428,1
39.19917893874174,198810923.58466703,0
32.667951865117644,14042512248.981543,0
37.690623821500765,11026641183.667894,1
49.94651573340464,32383961001.232452,1
37.944108279530994,1563625873.2766087,0
41.95730886498165,10225723768.581503,1
41.86716188171858,5239069288.178505,1
37.41283625210107,13367045414.065176,0
36.45242487520845,4137458063.4857483,0
32.92267814255135,8069974496.232075,0
27.07660794719654,25669252008.663807,0
36.11853348531331,6590954884.738032,0
38.18491938887452,4589388571.146141,1
35.52619334388787,14196532464.447487,0
38.74283509964647,18019161928.344166,0
35.58230354667258,16130716516.769558,0
38.53539116482471,4639811326.562799,0
27.098390049221152,24169851496.942196,0
40.470347247848245,15359008922.950565,0
40.0673385657478,7312710705.318012,1
35.72724464947654,2653963104.0043316,0
41.64272039399186,-5957498653.2246,1
31.18816276379854,6034585920.789824,1
36.35010342139389,13250823896.759432,0
40.18869568278596,20267494149.77494,0
45.96269143713824,4459067101.759291,1
38.28241946159323,2252101332.3029823,0
52.07731683320693,7106238117.586015,1
44.86701556261718,-2306056898.0074954,1
34.76907536261216,13951515755.4086,0
37.06598701995387,16641327625.029373,0
40.900058539808406,634584481.260019,1
39.79561384905224,19391245278.80806,1
43.252664125833256,3709911014.008489,1
44.47721828838185,3228141559.7101383,1
39.62807878241412,-507881480.8370575,0
43.78894014053658,5052236664.0447235,1
45.794200870372656,15248539345.330128,1
42.26476205169057,6677892573.330994,1
41.48889444626841,-2438237365.0069637,1
37.01376289005858,8282410898.150111,1
52.353945869690406,9810046662.885002,1
35.91069878109275,13680534050.57847,0
47.6793137834779,17286071816.099518,1
45.86543505523494,3862055367.8483768,1
44.564099510911795,3182019265.2489347,1
36.49191856522032,1119165974.2890654,0
39.75663708505344,-3204533733.9380493,0
42.1157665032296,23374805966.16993,0
50.68044496438739,6560146348.171466,1
34.91106000070971,9814454464.296112,0
45.196974450345664,12820885943.690218,1
39.9175650132361,333442949.11023897,1
42.848385427530395,13537953285.686905,1
40.8135407156352,-6390923827.410559,0
50.17948177652708,5628008451.735557,0
42.18820836045675,21846387362.31071,0
43.568497759783725,4859748189.429585,1
42.08823044154866,2082908737.4860072,1
48.827095750233475,11429264331.973143,1
35.46490070675068,17325122427.094025,0
32.825395411081054,10233617502.746107,0
45.81296404992969,10978614519.222847,1
44.5577681471124,23001572222.56065,1
43.25593685286772,7200257620.553042,1
41.573024997498194,5117182951.512974,1
31.875279023924467,16102468350.926985,0
40.7910993573801,31544043720.924522,0
41.182522904081296,22294885220.862087,0
37.90126595256306,19620077499.104053,0
38.73338261640505,1657249389.4140353,1
34.54899142815788,11847490966.481323,0
42.76761662777785,19770600137.598343,0
35.451195240058794,4987917364.938776,1
43.501866650805795,-11317714353.92863,0
29.027847834493276,2287711062.952425,1
48.175528961247885,20818830418.735474,1
41.99990929600617,4570121708.734041,1
35.08583314444274,11370827227.339766,0
38.094681016865486,7708330114.874274,1
39.913230832105164,-3791103951.604941,0
47.91691929528021,21279002857.19066,1
44.26705956427655,2574046031.1451416,1
41.23833356269428,17611684354.9791,1
31.515635894591412,15964293066.674835,0
34.62131956141083,10350061015.366156,0
36.72019478389211,17405301197.47478,0
46.075654718237345,37108690165.61811,1
33.975127796409474,12641771957.477716,0
37.78898285733441,14514423251.763693,0
42.80129983723182,4832906072.888067,1
33.23295068937905,16125501678.935976,1
40.02419993078841,-3741423376.8403153,0
39.488075458708146,-1252082685.8321073,0
38.43952079908489,-561147221.3766785,0
40.64994878286191,16574324331.561592,1
39.56763175248389,10520382401.817625,1
40.58773545311204,19121254706.12849,0
37.357296879249176,6301133815.872057,0
38.0624739831139,204626312.1937227,0
35.876883660250925,22726382672.503105,1
47.04574553310734,6703447012.812247,1
40.196462996524936,4354849361.346671,1
39.50731636271922,17815128516.207695,0
39.88695254304987,735098189.0907642,0
38.30680115202968,17708966022.269344,0
37.331346642168974,-733488409.3148736,0
47.62597824179334,24110290280.008408,1
35.43443090533611,10439843875.303307,0
44.66863988804646,19336485759.81222,1
37.541738780046124,14445699463.237907,0
39.69280614490809,17236706023.49359,0
52.39748057774736,24035611687.244995,1
41.5914548257936,27563615854.567818,1
38.28847310453391,18325091483.843105,0
34.883364282867795,15294184516.730045,0
37.48548723747844,20768815290.000145,0
37.05056074208993,12670065690.869553,0
50.765025511305915,10484754980.751093,0
40.961519519100754,12574710010.498692,1
41.893462348763414,6001245856.295691,1
37.48068733391718,3709971589.85299,0
38.860858392061964,17474070938.778976,0
39.68005395789395,-9248568980.37357,1
34.67552023719271,10306652394.392317,0
39.35528222617123,-7799504260.06474,0
47.01314675223163,10546449820.996805,0
40.13766519696455,830055632.1961049,0
40.459503041783314,1401849828.1296968,1
33.531294879151076,11852620847.360432,0
45.17127620996453,5131782340.889191,1
36.694423886285236,10531949310.306559,0
37.19129032504835,32124945507.17644,1
45.28717639426716,11851656568.451237,1
38.49308714595085,13861719042.539762,0
41.33953680967958,15728609972.599253,1
39.90805549558174,7244921604.870358,1
34.74416328598173,1205115017.2084205,1
31.24029176092371,20462321990.927536,0
36.82807893881598,13281180433.42276,0
48.01615374165842,7119173644.844046,1
53.26655728729467,10876976237.451008,1
42.24331354496085,11976032874.588896,1
42.723192785830356,26166132246.87584,0
43.74327297406082,8321301821.029444,1
40.9783458829856,28419170047.01706,1
43.35978038820953,14886318118.940388,1
40.60453468545285,-1121702991.7632403,1
38.162305591944545,12236420932.611185,1
38.82431770160395,13867474684.266024,0
48.04552274976925,5553475761.484369,1
38.309374594304956,14773214930.302088,1
46.124009296905,7843432285.16198,1
38.86289825263769,17616376290.93884,0
38.435249255650945,3208216795.657239,1
48.65623842577501,11785650472.389997,1
37.92680498276749,-1754869714.2875462,0
29.97327330919157,21154743970.04653,0
36.20250158232751,16259622437.692236,0
37.24300056948767,3649687320.0973887,0
45.16917969684647,25444246398.151222,1
33.60717326211079,14075852785.175352,0
43.78719833061291,5668050991.019598,1
38.598584176131745,2478295886.590889,0
37.36783899009349,22835205969.003284,0
34.343472215268925,9439257209.145952,1
38.41224878400413,-704339460.9835566,0
32.84123392707284,13455185528.636665,0
41.09790996191612,22136407862.75514,0
35.34828086950665,14386502499.14664,0
42.05828817589998,5308828364.660902,1
34.30483242380823,36482356545.5941,0
34.48692886589111,12439834024.898321,0
35.15795090429761,8553534413.261828,0
46.398372469671656,7347407704.928376,1
45.92391191956544,8280675340.961231,1
37.59591125798081,158495444.64264762,0
37.322783844913744,24776642921.689007,0
37.93074114840427,6325367422.893246,0
36.591503887353724,14278780650.48552,0
46.88044250063152,8149655657.586455,0
39.735305588788584,8752211523.358988,1
46.71173148322037,10112673061.934494,1
41.68214635065132,862467474.9406825,1
45.404283069787994,8010127457.64296,1
36.34562424733697,6951730197.962272,0
39.82313913871193,-2324659260.2086196,0
44.38587591969857,5571849121.988607,1
42.827338890392205,5489236465.038027,1
30.28568491765433,19203582572.724705,0
38.20655367532026,22310716713.36389,0
39.040910144809935,13919556012.193195,1
36.891237767805166,11054337462.964949,0
42.931468124273295,3001350872.238667,1
31.812897869117478,16439421280.520893,0
36.450039866983616,4433872144.053384,0
36.48015415248001,13083310746.949564,0
30.30874289232493,21666440502.13674,0
40.02646827515282,-1708873237.0110373,1
39.52994978292737,-6031306042.988281,0
43.33165582543938,12460511088.506054,1
36.14566755644656,12976368834.25902,1
34.31710801551823,14815998539.122145,0
37.01291862824452,17452788479.43783,0
36.18452207166409,16188100190.460016,0
44.64546737600097,18958722426.193607,1
36.72956542231542,16530067148.271538,0
36.628559485303555,6564511243.06019,0
39.655913204876356,18925563186.617054,0
38.13007457518146,14608233058.13658,1
42.04426213113454,22054087078.854202,0
47.60546578478356,2079235728.6277983,1
36.42233787630429,14414270613.429253,0
44.339980972030986,3755444363.0437694,1
35.86847188475118,-1839925795.6569564,1
38.70069357728187,15390337753.695732,0
42.97650186561335,10534391354.956594,1
43.02975056208534,34924001059.00034,1
37.71335393402028,3585364342.7979836,0
43.82067218239803,8241759383.033095,1
36.642854936724724,13173009565.145618,0
41.671819845996886,9660845606.91475,1
41.678050368817836,5934706342.910953,1
45.032414205104516,8347295465.295919,1
33.3244052961745,3927646039.0915847,0
46.71128146880251,26758939312.85945,1
41.12412381417831,11821654357.66974,1
43.06501412057512,3111415933.4569063,1
31.75243510033887,19766238912.29073,0
36.334666334305325,4727952401.111136,1
37.501171795308046,18028505323.08821,0
39.939133236023714,2558598762.8604226,1
37.54180137994934,6774148377.105254,0
44.80305716858707,8963456984.626337,1
34.121488106050414,16462711696.976303,0
35.633184261527845,11443689322.272005,0
49.32284504793383,9608500730.346556,1
44.513526114443906,33653318464.87925,1
40.416791376401285,-5546238498.125636,0
48.20244327584018,21042363719.4852,1
37.08467388568658,17624189276.329338,0
42.0617022306508,1097741931.8750951,1
32.43047543293282,16783212329.284279,0
38.057163629372326,16321891097.488373,0
50.669850216634586,10400948688.235382,0
45.30765456245033,30881044970.378567,1
48.57978466703801,1088343040.5640304,1
43.12591188002682,14469232435.681444,1
39.71060853079622,3584591301.806086,0
39.96885660512958,19432194036.40414,1
33.8636351687414,14941447766.42191,0
38.8551885897682,3422760207.8052616,1
35.748619172430566,3994517110.8124886,1
48.0396925848266,11677485107.272732,1
38.720086221059816,6590263201.177146,1
43.38926158818318,20011400476.579315,1
28.806874034405944,24340018143.333878,0
36.951740086693725,2600708476.621246,0
44.500441788763496,33351694051.649513,1
38.5735709759385,-13218618676.706572,1
44.60513148612686,10220399164.562542,1
43.78565263300458,-415048068.61478716,1
44.83757544053578,11480558039.152948,1
40.885166231770945,11913962189.370968,1
38.057606999749076,2345395329.7611485,0
47.158971408563204,105255435.28140116,1
46.26260774990758,9581022216.053776,1
41.12208801591238,2611873457.8214326,1
41.19638181877953,28600743173.41799,1
37.3143480994181,15535663854.815315,0
45.55134019831998,10001770565.365772,1
41.34282005125335,15714021496.332058,0
36.81208463578439,3546849333.0116935,1
42.77141934849708,5098727713.958602,1
48.555746033341826,2666657472.9016166,1
32.0166351196864,18151900019.19385,0
38.47568794501265,-1573441518.4622107,1
36.742905358742384,13364209175.71461,1
38.54882235380495,894508738.5231338,0
33.00830472824176,10218032022.046705,0
37.795180449363336,7493602301.26479,0
43.207743353984455,7950267941.937136,1
44.836723674111745,21580859247.621197,1
39.65637430455497,1995719830.4020581,1
41.65973906360306,12526575787.723577,1
36.16736389962472,4790672881.210594,1
29.132953253906862,23649303075.283466,0
38.95912550251745,-479389155.9183947,0
34.3509987774479,9804323810.302551,0
39.82072026705544,19236450641.33529,0
35.758815529347245,19349092409.620754,1
41.393706024842444,6588158900.081353,1
40.90541243481901,2018649882.84898,1
35.71760644983371,3681645267.4315815,1
30.70837226005395,26334690016.817684,0
37.99574492586376,3009190555.848126,0
48.91824117582877,37032475348.50625,1
39.02916453162728,14981759463.741295,0
38.646941592548075,4777347113.44631,1
31.007368128256168,3825688845.046407,1
48.61460142516856,29097298902.45859,1
38.79137490788891,-232467991.52019957,0
33.47685741106757,12914670982.733656,0
35.3939693987646,20605558353.618805,0
40.987922210141285,24243184129.33105,1
36.679050150680915,10211219670.925823,0
39.81703455086132,-6378828566.022476,0
43.818125653007876,1546841679.7614481,1
43.40261895907045,4927674934.735975,1
39.750943516558905,-1268453877.932702,0
32.755925558577076,8889686226.21003,0
35.38599000080133,16270731206.831459,0
33.778088999682595,14151054815.158045,1
37.42709146187484,-249621617.53305116,1
36.17507752429788,18141214688.21632,0
34.39543097708166,9265151891.546509,0
43.69995944051026,1504089401.2779129,1
37.58911508805798,1234745376.8859632,0
37.952092150683576,18093067674.174423,1
38.301181748667496,16023707531.06387,1
46.69840317970991,16980297149.626823,1
46.23536542301398,30877795325.610775,1
36.02300475268186,3352873948.529386,0
29.431264637163615,7128426501.259241,0
45.68447937421055,17536982559.196587,1
37.495506399470194,4926779913.1536875,0
44.08785227573148,-2697485822.126734,1
35.808657331697404,4638535911.637656,1
41.819947489106866,-8801549008.577785,0
38.7903998044818,-2121782777.8164093,0
35.35985980740648,11596655969.451855,1
47.85365764892312,6297737944.587066,1
40.56782264595266,3284755971.807001,1
35.063523251148496,13616558460.191242,1
43.85994653040488,8011728361.322575,1
39.44500912342154,-4008878010.4011645,1
37.91666469032868,3815083555.4597206,0
32.00781710489055,3043271031.818961,1
51.175705770489486,12382718399.850859,1
43.659001681226115,5322170549.308407,1
32.180236510644626,17517454718.233585,0
33.99742611794585,12781157410.427216,0
39.732756150025246,8483050958.668991,1
43.12680018231196,8995932712.830662,1
44.08664017464276,6433350134.661691,1
48.81826290369248,31533387395.90494,1
34.77278577552863,5752249817.613623,0
40.699826445637655,2423362992.4384046,1
41.41263893828161,18215253576.683155,0
34.97684486982161,1451093705.3746152,1
46.80453489649251,14924922633.24339,1
42.77747011744496,-6086107558.950377,0
31.84826055881224,14899770928.42256,1
43.52364962572863,11143999795.131273,1
43.95766805023379,19385446628.704777,1
45.16218360571934,7481046064.939577,1
41.925520665040175,19063607772.98892,0
36.05517279372795,14071769566.07048,0
36.83195978079781,24941909117.170635,1
38.76952902361167,17781048406.552795,0
44.802453757699396,18748501222.638004,1
41.29415536425123,7621334452.338288,1
43.19065608698845,19505165341.31045,1
42.076051963855924,4161936039.3484006,1
39.98593902198713,12351829312.828152,0
47.570483574023534,6821842086.59435,1
41.73619917126378,-7133334551.5405035,0
39.622729431611475,-1204760214.2752643,0
32.888432774204944,13190343631.291296,0
40.084647494055474,7418144944.694689,1
37.914123793311035,1915251821.8595827,1
42.28636364929759,10841520811.507778,0
39.926326760272055,2407644768.900826,1
35.23401915486171,16470434781.926329,0
44.86928764073906,-20851410958.120075,0
37.22265524542727,18516303954.941486,0
40.96356513979262,7594290941.195706,1
35.16426222803292,14577625287.13857,0
41.00041680943229,1900647872.5871682,1
42.38809159980135,11809595559.23032,1
37.80884292764836,4673212748.245078,1
43.1023197431978,10060248404.334137,1
35.74707495127987,4232886538.2709513,0
43.80681205762664,3365321055.922673,0
50.64899958205421,5510326011.189799,1
33.08145293399846,11729361196.584526,1
33.667303515358185,12664655639.27709,0
49.093069007870625,4307257560.583398,1
41.10174359290783,5555724736.522049,1
38.62801873753826,19756037713.180717,0
35.582523935169455,4912528118.723515,0
33.798932934246935,15766192548.227196,0
43.58377174530835,22269517586.094444,1
37.07317891109087,15463253916.611511,1
34.52518092029014,4183388899.5404887,0
35.309176709333265,9343540179.255617,0
41.59275842868214,22023148235.993156,0
42.96007091561163,29960156711.50598,1
41.327234381940656,3988787574.313378,1
36.982269657918145,15129314815.172523,0
36.48180454427378,5447582346.4103,0
47.513095206354535,34510987977.27988,1
42.43900358638049,24525373040.584637,1
40.0552124803453,-2719477296.205712,0
31.165298692533923,9523341523.119513,0
35.18180828010788,4932551586.686268,0
38.26838627113362,3677064185.081592,1
39.02503232660284,17502087175.95079,0
40.892809293442994,-1283145132.1074462,0
37.769409685414786,-155227090.4715697,0
50.66638063067684,23563077677.256027,1
47.82825403182789,2770639463.478177,1
36.07872560123783,15865508532.273891,0
39.31666570610948,-255549395.5037251,1
37.77446873094915,17589664126.373653,0
35.563411820822964,10197783775.446533,1
40.71391196037368,21037893024.792526,0
39.94123408123686,10057678733.223465,1
37.965770516254956,153259168.45650062,0
43.50891447869131,-13791928604.217802,0
46.254064728781515,1959314703.9505682,1
51.21472883883601,42736496656.9159,0
37.08487031677099,4822600794.087437,1
45.51058994559841,12576553897.187422,1
49.06606806916574,9613516486.124277,0
34.844745210847194,6262975744.883944,0
36.29718590538626,-3472000519.908883,1
43.19516414699894,-8658202756.449427,0
39.79874962521824,10768496153.36535,1
42.02159403272842,-10109331919.098063,0
49.76631711047284,-872838153.7955604,1
39.19878127514957,25502326231.494946,1
46.048240420849254,8821286479.222221,1
36.16245993363776,10028399527.751638,0
37.315891763281655,16011911754.981224,0
42.20029231498495,4547341038.444777,1
37.3889007007483,-129637708.69586879,1
41.41237326535641,4217993134.80718,1
43.120879047327385,33719162804.948013,1
39.89632116209116,27069185425.995255,1
40.561702060250575,-3638340008.667417,0
36.58479073857228,19823113282.42198,0
42.049331868212,-7477061096.863669,0
47.21340496440252,25024979376.66571,0
36.99455359041775,5513763958.187782,0
39.442999087923816,16465728665.81234,0
44.924261916857915,4008233259.089321,1
34.18734548264798,9276744662.054892,0
44.95203345702188,8305588149.543767,1
38.88078713699606,-65658306.68581184,0
37.56656939758753,1309534107.6795535,0
35.22769616092673,3834984930.346044,0
33.95130068011598,9010941321.45267,0
33.12400024010708,18312732978.81787,0
38.39786909014233,16490469192.791058,0
36.81051104884541,6436632113.094215,0
47.90984516215529,12971658704.026625,1
38.350857186144864,17758571621.532978,0
37.053056480653304,1530166801.7927964,0
41.4675421048246,21282777877.895638,0
37.94354655172843,14069353363.475922,0
37.23753254730751,14643954181.483198,1
36.349961285791046,10105024881.815699,0
45.17889007714625,7996190416.226833,0
40.447979282328895,-3728570221.2490606,0
47.142234348596716,3575443809.1534634,1
33.72744421168755,10888705125.839727,0
43.03374583783099,11704736893.02403,1
38.124613261996934,4373187867.471976,1
40.52692478215414,3206005570.128966,1
37.97066191262747,-1568579742.015111,0
39.69747331508496,13958594652.912766,1
39.85030846331397,-2427446038.7127705,0
34.44435085089623,9531465083.472609,1
34.75211818936233,11763480788.414783,0
44.23194111735845,18229504178.723633,1
38.94667177751719,1271654483.762347,0
41.03970300881246,10743284475.982876,1
47.57183796312132,8585691490.225686,1
32.65504108767251,13860150471.472994,0
44.68086524380011,32617346611.14629,1
39.05003399736855,7337783530.956131,1
41.2940438306732,18020653437.538727,1
39.088973661201905,2534727839.152186,0
45.5127311375034,25492811925.603764,1
34.77775201011124,16221420252.973776,0
53.20368478240404,9801963473.571522,1
37.712672621946375,17618118438.954643,0
41.07501873692755,-4751946725.049382,0
41.28443333711522,-2967896010.336082,1
40.27152878379826,-6705891404.879107,0
51.114853338600135,10329952038.8153,1
33.25997911147398,13819629996.762564,0
39.28187456041329,13970294097.121428,1
39.721434010756404,19426064840.146767,0
37.225086408281264,18171728083.492325,0
43.21423022519104,12561829154.46526,0
32.539052626575106,7192470520.632598,0
37.61656300260502,8537953596.460028,1
41.51327620354456,19914821997.85139,0
36.60155564935662,1110156762.1576033,0
38.473789436084466,14713731288.909464,0
43.869878200113554,16028236886.875614,1
41.45894024040583,9130148027.169832,1
36.43629211865532,19060598737.993305,1
35.44477087249137,7533635426.385317,0
47.49665428487503,-8653351592.721252,1
34.847431208156024,10832839618.474854,0
45.05044946975698,5035034078.229844,1
40.84976029341174,-726987974.8678504,0
38.272529870580136,-1380839047.5166292,0
39.280986302043225,-1216886739.7972383,0
41.33028382711373,-1555857844.4067185,0
39.60787565679574,13935539430.836157,1
47.34655467395207,3439009386.784003,1
35.747312835091286,11373915750.308365,0
36.16571506575094,16091179879.59329,0
39.53986959625608,15821311688.224037,0
46.10881033266627,30955242791.83269,1
38.57329576625641,17790138285.824833,0
46.535391251490914,11822925206.000443,1
38.00664470735295,19847211132.239353,0
30.616776305581507,18736942526.223957,0
43.26501455393119,1476082342.9558382,1
41.59028603888705,569592244.6454875,1
32.104643764439416,11100221699.65753,0
40.39926945891123,11139817643.340485,1
43.475319322800935,22031002650.71876,0
34.79642194654858,3434900428.419038,1
39.59833951712625,-3388451866.0710545,0
35.511832052026264,10139734280.73115,0
32.28371481595192,7274609029.097113,1
46.89714031345129,6265772356.87045,1
37.78194943055543,5038271927.718127,0
42.42726187900618,5879753476.5446825,1
46.47233877407285,22855161894.26077,1
46.56810174073367,21752426522.62536,1
41.916636494467085,6193968048.898633,1
37.06810171303988,1050354428.8666322,0
41.89455816582526,5898071337.568669,1
35.94367514014938,16387931019.977196,0
38.46638649424221,4251443760.1262207,0
43.182722825247,499142246.1236274,1
43.75719030146887,20946774087.353226,0
50.70617392783932,-1637193533.093804,1
34.85015184361097,10032677424.008821,0
38.49058055101313,476054723.92098457,0
33.2552714055777,14167343709.374315,1
39.276786843231264,2361022179.0844445,0
50.377915201422276,26814423374.954613,0
35.8060759057316,12417216807.125078,0
42.31211775629513,6990875170.257785,1
38.78722949259968,2323446389.935029,0
35.432367436988564,8527140783.94932,0
37.171206793963044,1053310491.748614,1
46.43629102024915,18056147325.20036,0
34.16495603417426,24649614379.441227,0
39.12682164368413,14493278563.992004,0
34.240937888091736,14056224148.228746,0
34.80206008529352,9570361738.568844,0
37.63279440977983,3859498571.305663,0
34.639319833330646,16085694224.99589,1
37.620884830949365,5926484508.973067,1
35.628031107483345,6372155014.042219,0
40.1844385441131,7616013401.350518,1
38.16573408294765,22693739268.620556,1
44.881039828844244,2025341254.5176237,1
52.958829438650724,-172668756.2720559,1
31.981924392426162,13186557540.06821,0
36.017051592130876,14982493590.357122,1
38.047336870261084,16905353749.478111,0
39.52116964741652,27480777512.59263,1
34.47760357745095,8092191717.4308,0
34.33720837884748,3177680431.518743,1
40.18799169178449,17817984270.09954,1
35.11770844218562,3948103810.934527,1
39.141540126419834,7308150479.061549,1
47.60977758210051,23541458388.917953,1
48.27962956359465,-1074654229.5579872,1
36.58903059031659,8781961848.78821,0
47.94819441671154,371791029.01593286,1
39.617017467908816,-4308038237.700184,0
38.16420404135489,17251016158.104256,0
42.11133247877088,16074069007.657288,1
32.017979779695374,10786618867.29907,0
33.86009333171991,7999012284.97843,1
34.491201791532006,19471690637.247684,0
42.17550260415072,16319287005.702957,1
39.33566707328472,24095518741.74889,1
37.683041935122645,16350916422.888206,0
35.50887613127832,4207820033.865467,1
41.28308465974179,2457622477.943596,0
33.677183565352834,12501849200.023947,0
47.27664446246834,24206446697.54876,1
36.55522007775093,2896186303.880374,0
42.53941446300497,3300484232.3537726,1
42.00786720754515,19957799676.280685,0
37.97361011499656,-2430500761.7080073,0
36.44119133588453,2856804362.90137,1
37.95584937768305,19675609377.766083,1
37.48566082363973,-575645541.0699506,0
35.97846337034774,5146938190.51229,0
46.8753417701039,4804739171.202248,1
37.77696952104366,2866026021.2614694,0
33.96663793737932,12896022782.647173,0
43.228374831574925,2328919723.405046,1
37.291139565309216,435595618.21936804,1
32.63272457516598,14841908054.454279,0
40.17847264348206,1759061538.8744466,1
35.801173973710405,5412948520.569479,0
41.90216793040692,6327800175.256763,1
41.71604422978418,7774198808.62075,1
36.74327764113013,19390552579.364067,0
35.67991306932974,8990540853.880547,0
37.886243139589766,-5503270316.119382,1
48.67744775440204,12846906148.130545,1
49.46654942890323,11125980731.936396,1
36.510491162600005,18956909511.983696,0
38.851594511690735,113487949.3397224,1
36.90205924082656,2917959180.3970194,1
37.60686167439448,1951868114.2297704,1
35.15896841477146,7567015542.861124,0
40.86810499214805,-7985787656.135363,0
31.826040064376045,10692651135.681995,0
51.49710447390553,20161560057.477154,1
27.663890938904025,-3702535146.745003,1
47.85651631582253,4583888282.372689,1
40.155984502598685,20674539507.257828,0
37.942831705025185,4725648646.111094,1
39.37132377636741,2469985898.433039,0
47.7784490742636,2493283223.8307395,1
48.84139662299751,23529338627.2257,1
39.31758501451116,2121602671.635436,0
36.21979801265489,7385888278.813399,0
41.63725550080423,16293676862.67375,0
35.57379531344225,9892377610.61612,1
40.73326392481333,17822495661.644382,1
44.839597846744525,34383317084.587,1
34.553333322914284,10740189198.658333,0
33.98247235759801,10720511529.719189,0
44.995523845525895,1116350842.5303445,1
41.36865631436886,11103273073.19351,1
37.92970918558108,15259955259.414156,0
31.148057057937905,17156291718.092997,0
36.629314279073185,20001027269.17896,1
36.43184471779975,17526029671.11478,0
39.68842847422275,-1265372172.609043,0
47.10360152555361,8834535732.783928,1
36.973328676242815,15461903423.687973,0
43.73577214664532,27862315488.15393,1
45.837800489774104,1323661174.432606,1
37.93244657528942,-2445585007.3233914,1
46.20242200819829,28693961088.977997,1
39.011507064459394,17580751666.618553,0
37.17385049804773,17873138626.21226,0
33.65262230012076,9517400212.011478,0
44.42420879546384,8880829923.5857,1
42.25860684087846,5044902671.396008,1
29.679074771779156,-4411769380.821549,1
34.11739728978223,15569972639.21253,0
50.408608694580124,28612731848.37625,1
45.271542249697404,-16064454958.277784,0
35.351606947318096,3957328609.5895557,1
28.77881340293227,3592891217.0413795,1
35.07989075422409,8753878778.565102,0
32.10135516353411,11581680412.013325,0
36.72170888542547,4673415241.172032,0
40.61905201711448,3093295261.508993,1
42.43118877055833,33020639051.583538,1
40.57277430355605,-1912960901.411265,1
38.72551335162783,9264300328.75977,1
36.63993609508322,3808482518.192741,0
33.29249772141123,14361436736.13066,0
49.01212463705992,33937899800.958206,1
39.31078948658485,17376160905.85394,0
39.12126428365845,18922931910.415337,0
37.43145541481649,18682203536.448303,0
38.74640958264168,9647048730.5939,1
39.57439274355251,18365198976.061996,0
39.94144543410924,13204689493.975733,1
45.371045996191846,20583729265.695545,1
34.203185747058484,10929190920.189995,0
40.74957836785527,26205593404.02923,1
43.50829652725046,-143951240.28139544,1
30.555383318664305,15012709434.769932,0
40.16257094309814,25229142312.098015,1
46.00067318911169,19980579968.17865,0
39.86364324274423,2527609152.605271,1
39.356629808486524,21341050024.741573,0
37.46079974753215,2325134049.8912,1
37.0382867925596,16600072007.746613,0
42.47772544977994,510861848.36661994,1
43.141299654106625,1949834263.638116,1
39.200161712279495,21933717773.605244,0
40.25898704505419,5353648526.832383,1
32.41559572029653,12291538421.768055,1
37.75583680929772,5546659062.252271,0
37.88124065571962,16983267118.24516,0
43.59876728361676,13281246694.667204,1
30.01444069370983,24454222562.701344,0
38.95886131340561,14289212556.049623,0
41.30499751379845,21894155797.3325,1
36.34586029991478,1714782288.042373,0
46.80400497254942,5144574663.890743,1
43.157378716237865,-9960932566.279598,0
36.41926073770021,10077743622.26434,1
37.167440185631676,26148825331.012833,0
39.487586364199956,18266976144.237938,0
44.26626217992061,13768112774.893555,1
47.79325455003617,11829115197.148443,1
38.74230532346691,4825258191.67326,1
37.08285666459512,-1320309147.7854614,1
34.30958669384183,15312542093.771835,0
47.801459883418346,14680565955.116262,1
32.69596058112512,9191343487.079237,0
36.98119305599465,14880235824.16077,0
41.248437779873676,19756207277.770294,1
32.55643659532722,16559847493.60641,0
41.74250613424186,2132365073.2146955,1
43.21977052516337,17798383737.24559,0
38.931363553916,9854667919.027119,1
34.29613203256371,13827105067.925135,0
36.26288177462316,6825770583.311108,0
33.613145164835565,16274377386.747429,0
41.79267944086107,9739017579.514458,1
38.06396174842171,19028010325.327637,0
36.501041776887654,4797057124.851103,1
42.23623694902439,3860124497.73752,1
39.84234369923329,16596299336.456753,0
39.69542140520314,-5624095209.030338,1
36.31711083982826,3611566923.4221563,0
34.54802369994215,17279244178.010918,0
46.6596663415372,5348457067.622469,1
36.887745093841936,16447240783.828299,0
30.484125897090284,19529608167.51233,0
41.19797187478035,34895848871.281975,1
40.62859274807729,-3311040459.4865484,1
40.20121146436416,7709313979.18838,1
52.032613722159944,4160396759.239259,1
33.936307314212456,11764846472.204126,0
40.22636196889017,13700652119.048098,0
38.589224545551104,15335170285.382055,0
42.063945286637804,-7656406145.474405,0
37.90452200483518,-2001404152.4875648,1
37.87701998405418,17985903827.840725,0
43.1494524799751,11641870721.027212,1
42.84109943696918,7765557047.725542,1
35.84118997075485,7010393794.139361,0
30.055888406836058,20365908915.10806,0
38.92814449309195,22626182269.00927,1
38.01867291595311,2378336740.5694327,0
35.17065680743248,7523957297.59786,0
46.76567811690591,8270495894.13153,0
28.61388663963867,23873809147.298378,0
45.64025485958403,-1553089968.443726,1
36.69358029080757,2343622330.3517256,0
38.96840173779966,10237113284.22088,1
37.47734111177282,-298112792.5659195,1
35.74571533053919,6883328223.583948,0
44.97664846248342,12280274432.034136,1
38.462711135205744,-2788102223.1089664,0
46.40117341147848,27349055355.67021,1
45.153382534030435,3017565079.8470683,1
31.342064372814434,17772832043.255093,0
36.15072915944677,5717867444.808647,0
34.019472093410805,11559353399.335575,0
41.255996983601314,17512404816.025036,1
31.620220866196085,7657923178.269534,1
43.33073642271383,3942560345.7735686,1
33.02954860884592,11556866459.958223,0
37.63424938342952,921412460.9997103,0
44.127720303880665,17057585798.60928,1
44.23275966882932,5498509700.266653,0
38.65693785168052,19422030868.879044,0
25.777712445469987,1127116612.5627613,1
43.329004751711715,19232715462.59562,1
39.7779589983569,-1495978230.2786756,0
39.46045735626643,12921276646.335915,0
45.51603276604493,3316765565.217643,1
38.505346112476374,13730651310.881594,0
46.27383144061582,2560620978.0067873,1
31.85501914148748,14886244950.591017,0
50.343220081680116,6144072698.258677,1
40.92610414512895,-5001346835.881544,0
47.610205796254036,20186977304.49415,1
41.12925439320423,-4124997387.6200356,0
38.85043437808866,5070602866.6959,1
37.91754417548015,1759028797.3985732,1
37.66976122839047,12768081783.947128,0
37.43695058416095,15249079869.269241,0
46.08605169760024,24446990916.590008,1
39.98540339395641,1151206749.2947202,1
50.766300932760856,7600945283.474898,1
36.05745327829969,4672665263.8746195,0
44.43023814077202,2075676300.6742854,1
37.53832647024337,4333046119.723036,0
45.00635030627341,1234059014.3176727,1
36.23394808412213,13053060271.276123,1
41.68836802163556,22926552065.720074,1
51.53888561355557,5847438351.008804,1
45.83244318889456,29363501774.34131,1
41.30471795899499,26266092208.236828,1
39.91310849502465,23580911203.038662,0
38.791830363608234,21354237499.288433,0
39.10620199370178,-367988817.3355852,0
44.3324989914923,20742104434.023067,1
41.510488826445744,-7173727377.939756,0
46.1561690607502,7802210855.019178,0
40.38037578587367,6731141117.200887,1
38.37070552380524,-599501695.0826714,0
43.154892286111796,-5382077504.802793,0
37.32476056601315,15085219322.239677,0
40.321960391272796,-703910360.0705057,1
48.90331797602383,7366830516.084714,1
38.58832006302637,13217547889.681658,0
36.773342120690835,19525363244.307816,0
46.64139599676235,3829895370.5745125,1
37.38015983109971,13540094717.56962,0
41.576909587877935,20113061557.205975,0
47.46922528064181,8673350626.266605,1
43.58064839320771,6006445273.285454,1
35.7624497012802,2503758584.027947,0
32.049453649776176,11961919001.222155,0
40.271865129952054,713335287.3353171,0
34.333291522895195,7412735406.323219,0
43.09682041801882,5669314623.323838,1
41.672556202282465,-1293649651.255981,1
45.68320854857605,-5989180161.2976265,1
38.29595816274225,-394640721.82344973,1
44.58119989051909,10758814540.1802,0
36.34508701074539,5688123843.903453,0
37.210692304822345,3060275096.605989,1
43.37522079073679,-11168021695.032587,0
31.554971220410728,11447009152.153206,0
35.4612474517094,7077463030.748698,1
37.3623583684875,18914471429.980015,0
42.783004990137826,9625818552.6872,1
49.89284878166171,4826135936.601639,1
45.59655095053133,28390933169.866127,1
38.03039663761675,17156273146.776268,0
34.68047040272798,2788858897.1369815,0
43.24790554604243,-1408303811.647289,1
45.19908716124327,7141072213.621286,1
42.851924759603726,13860573407.372076,1
35.456701193391105,9291680832.427881,0
44.34822864847869,8031541467.441659,1
41.62177266052704,1169657212.6711237,1
32.91726948701478,11558282316.405582,0
41.489595322616886,2879015594.1778545,1
44.28429879170713,-11833619575.121077,0
47.108824146489184,-1556125897.2933166,1
35.495170540502784,223377004.04395583,0
37.355977467758485,13193048923.571466,0
38.34066338701109,-3940000864.0642047,0
45.32823503738869,10905019372.760237,1
35.45048748824171,8371997133.268979,0
34.574066340055225,12447566770.26265,0
57.918386516612784,5785488614.088187,1
40.6493196375572,-1013042471.6507288,1
39.90549747759418,-3110723412.585372,0
37.102257664384055,22920763585.45381,0
37.76334295949984,6970605408.880706,0
44.26562713247772,-4197456470.6921053,1
34.49152166605519,8524634641.698738,0
27.20294006552959,21795284597.828022,0
46.85868285615871,6587990496.079033,1
46.135241399251946,5211567171.803255,1
44.17889723286983,1945628141.1047587,1
40.47445415024559,9095355201.602188,1
42.25888405920437,-8414649838.014552,0
36.78558105765366,13761864955.695055,0
48.6532542090829,-194314483.5870611,1
37.907734621372825,20612438823.599007,0
36.823125256053366,7044105630.71013,0
45.70909479032598,22395435517.65859,1
42.97726939296109,18144586074.21692,1
39.090316693901755,12598004139.024765,0
44.815002244193664,9845396683.508347,1
33.62807051964682,8188970292.688135,0
41.919095811171964,4059662480.0192547,1
43.89039845453662,6317189320.202265,1
47.413939646024616,17217359490.669422,1
36.13329543613719,14748314508.97671,0
42.502300857921,7873598088.422543,0
34.145269896338924,12217411628.25547,0
49.54336504535395,1226764979.182533,1
